ID,Name,Image URL
"bf3fb32a-f19a-4d75-8c09-6f4cedefb4bc","6ltr AFFF Foam Fire Extinguisher - Thomas Glover PowerX"
"58860dfb-752c-43e9-90c7-c859adeca5ab","P50 Service-Free Wet Chemical Fire Extinguishers"
"c6a75f33-68e2-40a5-a288-772a88e679f7","Economy Fire Blanket"
"67f40c3f-180f-42fa-9fe9-4d614958acb4","UltraGuard Personal Fire Protection System"
"10bcafbc-f87b-4e63-8359-cb9b4d766ec8","P50 Service-Free Lithium-Ion AVD Fire Extinguishers"
"a5c75bfa-3cb0-412f-a603-1a49f394811f","Lithco Electric Vehicle Fire Blanket with Telescopic Poles"
"4aba9f0c-a7ea-4c4f-9c28-8bdf869de38d","Electric Vehicle XL Fire Blanket - Brimstone"
"418196fd-0b20-4877-8629-dd433e38e02a","Electric Vehicle Standard Fire Blanket - Brimstone"
"cd453508-29fb-4af8-aac1-7cb7ad91930d","Basic Storage and Charging Small Cabinet - CEMO LockEX"
"7d55ca8b-47ac-4ea1-8f4c-999f038f88f4","Basic Storage and Charging Large Cabinet - CEMO LockEX"
"8b6cd0c8-6636-4f56-ae57-896901059310","Premium Storage and Charging Small Cabinet - CEMO LockEX"
"f4382921-8096-410f-97bb-954f782fcb69","Premium Storage and Charging Large Cabinet - CEMO LockEX"
"167aa3cc-b665-4dc8-af04-56472436590d","Phoenix Battery Fighter 0440 Series - Fire and Security Safe"
"68840111-f300-4ec0-988b-3f9a5c3dce4e","Phoenix Battery Titan 1280 Series - Fire and Security Safe"
"80f32071-08d9-493d-a302-c56475852e7e","Premium Plus Storage and Charging Small Cabinet - CEMO LockEX"
"95c678ed-9a19-4a74-a8ac-b82449a564bc","Premium Plus Storage and Charging Large Cabinet - CEMO LockEX"
"d6fd2aad-ac54-4e29-ac1a-e297d346b90e","Fire Extinguisher Self-Adhesive Signs"
"a9c1c4f5-0f56-44f8-a461-30ff7ecfc205","Photoluminescent Foam Fire Extinguisher Signs"
"d9896b72-5a64-4abb-a9e3-4fb5f68db694","Photoluminescent CO2 Fire Extinguisher Signs"
"6b40e9f5-fd51-4aed-b705-83020e202d74","Photoluminescent Water Fire Extinguisher Signs"
"f6996263-fc00-428b-ac93-f0951dddb04d","Photoluminescent Powder Fire Extinguisher Signs"
"6b8f1a19-1d03-4347-9df5-7109707a310f","Photoluminescent Wet Chemical Fire Extinguisher Signs"
"765ff462-5c2a-4af7-babd-2f807da3a138","Photoluminescent Fire Blanket Signs"
"523592df-4309-4d55-80ca-e340b6929531","Photoluminescent Self Adhesive Floor Disc Markers (10 pack)"
"9b3e7f60-036f-418e-a4e2-426db4ed13a8","P50 Wet Chemical Fire Extinguisher ID Signs"
"34ef5208-da8d-49a6-9cb9-d9b7386b46d2","Single Universal Economy Fire Point - UltraFire"
"e26c302c-db99-4ea7-a6b9-9d0c6300d877","Double Universal Economy Fire Point - UltraFire"
"96732bbf-ff4a-4210-84a0-8d29a515ca59","Universal Double Fire Point - Carbon Fibre Effect"
"8582d8a7-12c5-4390-af00-ed291379d655","Single Universal Economy Fire Extinguisher Stand - UltraFire"
"c76963d3-9161-41e7-8c47-415e071339d3","Double Universal Economy Fire Extinguisher Stand - UltraFire"
"b41aef2c-a442-47f8-95f1-e00684ae19f4","Double Traditional Fire Extinguisher Stand - Jonesco Rotationally Moulded"
"7a5d0f92-c2d3-4278-8ba0-bdba612c1416","Fire Hose Reel Cover"
"42e45088-1f88-4066-900d-c9f3271bf733","Wheeled Fire Extinguisher Covers"
"65b14a48-2cac-4c8b-892b-735a0c07d833","Universal LED Emergency Fire Exit Sign - Rhine"
"ea1fd2d8-8b96-4981-84bb-e67a02aada4a","Fire Extinguisher J Brackets"
"8c32f623-b3c4-447d-a1c9-6fe49a478a5c","2kg CO2 Fire Extinguisher Lug Brackets"
"df7b7208-e719-4fd0-9ac7-b30d0acf86c9","5kg CO2 Fire Extinguisher Lug Bracket"
"191d65f1-45bf-45a7-8c47-399a02f2cea8","Britannia P50 Fire Extinguisher Wall Bracket"
"0fa780fd-3d44-464f-9de8-e0a83b71bf5f","UltraFire Fire Extinguisher Site Stand - Red"
"34587071-e877-4b9d-94cc-b1f2ebf7810d","UltraFire Fire Safety Site Stand With Optional Single or Double Cabinet - Red"
"37d7f6e9-bace-4def-8066-6defc71a1e29","Site Stand with Waterproof Extinguisher Cabinet and Site Alarm"
"6ba12a9d-829f-45e3-97ae-fd26951cb709","Site Stand with Double Extinguisher Cabinet and Site Alarm"
"a22c1fd1-61bc-4dd4-8a26-0bf02869a560","UltraFire PPE Site Stand With Optional Double Cabinet - Blue"
"0095c902-f2ab-48ac-9e08-d85de6b7bee8","UltraFire Spill Kit Site Stand With Optional Double Cabinet - Yellow"
"5ebaff2e-40fe-4a94-9fdc-db8e8f93aa1d","UltraFire First Aid Site Stand With Optional Double Cabinet - Green"
"dda8e450-c4ad-425f-904c-35340e4eedf0","19mm Fixed Fire Hose Reel"
"d83f05db-b7df-450c-ac3a-db773bb8ae07","19mm Hinged / Swinging Fire Hose Reel"
"801a1027-9c87-4dd6-a60f-4fe31b8007d4","Fire Hose Sign"
"cf3cb35c-5d99-43a1-b815-23ba511b7ef1","Metal Fire Bucket"
"1db028cb-e50d-4e86-9ce5-5b3938b48c5f","Fire Extinguisher Gauge Tester"
"b8e2e92a-7138-4e8a-9795-109872b24b5c","Free Fire Safety Log Book PDF - Download Now!"
"b1bd3248-f264-4225-b7a3-ddc325229df8","CO2 Refill Cartridges - PVC Coated"
"d0d6ac98-9078-4427-8c09-5c7bb3f20196","Frost Free Horn for 2kg CO2 Extinguishers"
"c040e876-e23e-42ca-8b91-5f35f263afce","5kg CO2 Hose and Horn"
"50ac90da-a080-46d9-a3b3-384400e193ce","AMS S/200P LPG and Natural Gas Alarm"
"f4c4d57a-ee0d-4453-bba5-4e44e9c56b1f","Solo A10 & A10S - Smoke Detector Test Aerosols"
"a4855474-3f00-4f1a-aba4-4d27fbe6b17c","Solo 365 Replacement Cup and Membrane"
"0d4abd68-28dd-4732-8e81-191cb9b3a354","Solo 365 Adaptor for ASD Systems"
"554b586e-d2f5-4a82-8625-0b1bb4374ab5","Solo 100 & 108 - Telescopic Access Poles"
"539ee796-285f-46e5-b501-add908b5053b","Call Point Cover - Surface Mounted Universal Stopper STI 13110FR / STI 13120FR"
"034f80bd-7a90-469e-bf8f-8ef4b21e0902","Call Point Cover 'Stopper 2' STI 1200 (for flush mounted call points)"
"7b7918b5-a851-42d2-b036-5549a32e3282","Call Point Cover 'Stopper 2' STI 1230 (for surface mounted call points)"
"4a776be3-86a5-48f5-b4de-8e41bf5cbc9f","Hispec Mains Powered SMART Vape Detector"
"fcc7d99b-d072-417f-9445-5b925baaea14","Dräger PAC 8000 Personal CO2 Detector"
"f059d726-30e5-4339-bdd5-3229b8ce1098","Rutland TS3204 Overhead Door Closer - EN 3-4"
"cf95f591-9056-48e2-bdb0-ea77eb2178b2","Rutland TS5204BC Overhead Door Closer - EN 2-4"
"ef8e52f7-2762-4382-a9de-90436f774953","EVAC+CHAIR Comfy Seat"
"74076884-3bdc-449f-92f6-6ff2bd5d1c1d","Union CE24V Overhead Door Closer - Power Size EN 2 - 4"
"f0cec8e7-a4e9-4e4c-979c-17adda7c2587","Universal LED Emergency Fire Exit Sign with Self-Test - Rhine"
"59edba8d-8397-41ab-91cb-c6bfcc2b4afa","Vivest PowerBeat X3 Semi-Automatic Defibrillator"
"119e4cb3-b22c-4497-9a05-eb3b23501161","Dorma TS83 Overhead Door Closer - Power Size EN 3-6"
"6185ca4c-23fc-4a18-b255-20c34675ba9d","Astra 3000 Series Installation Kit"
"9c44ea29-71a2-441f-93fd-c1345cef0d9d","DorMag SmartSound Magnetic Fire Door Holder"
"a38a89f5-357f-46fd-9c24-47b23de29ac2","Geofire Doormouse Wall Mounted Electromagnetic Fire Door Holders"
"7d4e7a48-a35d-4067-82c5-3da19c9b6436","Geofire Floor Mounted Door Holders"
"7b468c6c-0786-4dd9-8245-0e11335990ae","Marine IP65 Magnets"
"e9c9a182-5caf-4602-8bd3-a50901a72bf0","Rebated Intumescent Strips Kit - 20x4mm - Fire Only - Astroflame"
"115ff96b-e959-4d09-8f4d-27e5465e616e","Rebated Intumescent Strips Kit - 25x4mm - Fire Only - Astroflame"
"1b2026d1-486d-4f97-ab86-aa3d5f8acc0e","Rebated Intumescent Strips Kit - 20x4mm - Fire and Smoke - Astroflame"
"f55672d5-9554-4735-8f24-635ca3678bf0","Union Fire Door Kit - Lever on Rose Locking Kit"
"5fa12894-a29e-4e6c-b187-3aa05252f522","Letterbox Blanking Plates - Letterblox™"
"9ec71ac9-3313-41a1-bc66-e2415549d5af","Double-Sided Hanging LED Emergency Sign with Self-Test - Zambezi"
"cecec771-5c70-45c8-8119-5b50f43c481f","Exidor 502A-B Single Door Panic Bar with Bolt"
"9811d203-961d-424f-b1bd-a2f32aeebf9f","Exidor 503A-B Single Door Panic Bar with Latch and Bolt"
"e455e5ee-3fda-41d6-96ec-fe23abe31293","Access Control White Exit Button"
"6185d480-d7bc-479c-9769-f524d8a4e927","Access Control Emergency Manual Call Point"
"bc070247-48d2-4765-8e9e-9526f2980996","Access Control Green Dome Exit Button"
"9aa2d543-f05a-4f5b-95d4-25e414222919","Access Control Rim Electric Release Strike"
"5e8cd408-2f26-4f77-aa07-df86815b77e7","Access Control Waterproof Keypad"
"fe5a152a-5cd9-488b-bf1e-edd0eefbaa98","Mediana HeartOn A15 Adult & Paediatric Defibrillator Pads"
"69c49ffd-c316-4f01-a8cf-959b7eaeb7a3","Intumescent Putty Pads for Internal Electrical Sockets - Astroflame"
"0dec1bba-0c30-4b96-a016-888ace567e21","Astroflame Intumescent Fire Pillows - 120 Minute Fire Rated"
"42364faa-70f3-4d04-af2e-46902cb9572e","Astroflame Intumescent Duct Sleeve"
"8eab8595-18f1-4b29-a72e-5c0fe38f8c52","FAS Fire Door Intumescent Acrylic Sealant - 310ml and 600ml"
"3835d3d4-c470-4ff2-bb04-6d0070d477d8","3W Non-Maintained Emergency LED Downlight"
"0b94215f-203a-423e-903a-ae949dde8807","IPAD NFK200 Dual Adult & Paediatric Electrode Pads"
"61c80ff9-a103-48d5-8c57-1b955ae1fbd6","Plastic Packers for Fire Door Frames 400 x Assorted – TIMCO"
"ef156edb-9db5-4e9b-97b0-99e71d8b834c","AstroFlame Blue 60 Fire Rated Frame Packer Strips - Pack of 100"
"0467e70f-d488-4505-bc95-32a7c76dea5a","Astroflame Fire Rated Foam"
"9753b80b-6a0a-4cda-9b37-0d1675829b09","Astroflame Fire Resistant Coating"
"bb185e14-85fd-45a3-b844-873745177974","Mailsafe Anti-Arson Mailbox with Extinguisher - Small Business"
"21b101e5-cac5-4319-807c-2142c3e6ce42","Sentry Safe SFW082GTC - Fire and Water Proof Safe"
"4ad74e33-455c-46dd-850a-6e725579df44","Sentry Safe SFW123FTC - Fire and Water Proof Safe"
"88c94352-0c17-4657-853d-297bb1b9c5c9","Sentry Safe SFW205GPC - Fire and Water Proof Safe"
"c5617beb-ab76-427d-bf01-e3b53294c39a","Burton Firesec 4/60 Size 3 Fire and Security Safe"
"4e676cd2-fbfd-402d-aaa7-cbfae82e7925","Phoenix Fortress 1184 - Security Safe"
"36a0b1b5-8ccf-4e1f-b1ba-658c2f5687ab","Phoenix Fortress 1185 - Security Safe"
"177c4cde-708c-4a99-945f-cfba979d45cc","De Raat DRS Prisma Grade 1 Security Safe - Size 0"
"1f02956f-775c-4b5a-91fe-fa355bba35a0","Phoenix Cygnus KS0030 Key Deposit Safes - with Electronic Lock"
"35aad422-b1ed-46a8-97d5-34b577b65311","Alpha Emergency Keybox A2SCK"
"bb9a0f41-a98d-4b6f-9fe8-17dcce0b6da9","LED Universal Emergency Lighting Bulkhead - Emerald"
"8aa5dd95-61b7-48ea-9d59-97292e2fa9b5","LED Emergency Lighting Bulkhead with Self-Test - Emerald"
"fdb3e269-870d-4d20-9a30-4205fbf6ac27","LED IP65 Round Emergency Light - Leah"
"73f861e6-0c1c-45aa-975b-eba88b45cecb","LED Emergency Lighting Bulkhead - Arc"
"3668e466-ac47-4102-8544-5dfcbcd13ef6","6ltr Water Fire Extinguisher - UltraFire"
"3d21af4a-aa04-40f2-bcc4-f9b8e1da140e","6ltr Water Fire Extinguisher - Jewel Fire Group"
"d8f9d15e-198d-4630-a348-764e85b8ddbd","9ltr Water & 2kg CO2 Fire Extinguisher Special Offer"
"ae46e017-3c0d-439f-872e-4d730faccbe0","9ltr Water Extinguisher, 2kg CO2 Fire Extinguisher & Double Stand - UltraFire Special Offer"
"4d4b4b47-c624-4c25-91dd-f424838bcd27","6kg Powder, 2kg CO2 Fire Extinguisher & Double Stand Special Offer"
"7f7ad3e0-8b9a-4001-9413-86fbbd81b44d","6ltr Wet Chemical, 2kg CO2 Fire Extinguisher & Fire Blanket Special Offer"
"ea2ee462-f680-4e64-bf04-96cdf57b840a","2kg CO2 Fire Extinguisher - Thomas Glover PowerX"
"ce688d99-650b-45ca-98be-860dde4cc53d","6ltr Foam & 2kg CO2 Fire Extinguisher Special Offer"
"beadeef4-6de8-4620-83cc-dc3b530d2643","6ltr Foam, 2kg CO2 Fire Extinguisher & Double Stand Special Offer"
"e2fa6d07-2dca-4af9-83a4-e5003c613c8e","Single-Sided Hanging LED Emergency Fire Exit Sign - Romney"
"937484c3-5133-4f1b-9a42-4ce36fa4a004","Double-Sided Hanging LED Fire Exit Sign - Romney"
"0508cfcb-40db-4c87-a9d0-6e4a2fdec467","Recessed Non-Maintained LED Emergency Downlight - Elled"
"1ef01341-c3dc-4b2c-adfc-956d1c2ca2de","Single-Sided Recessed LED Fire Exit Sign - Calabor EX"
"c636b0b5-6c86-40ac-87ad-fc94579645fb","Evac+Chair 300H MK5 with ProMove Young Child Transfer Sling"
"6abc3e2b-4dc1-488c-9283-4f351e94ef43","Defibtech Lifeline View, ECG & Pro Adult Defibrillator Pads"
"68f214ba-decb-475a-98d9-dff382548dab","IPAD NFK200 Semi-Automatic Defibrillator with DefibSafe2 Cabinet"
"ee0b48be-55ac-4920-b90a-47ff1153a194","IPAD NFK200 Defibrillator with Carry Case - Semi-Automatic"
"471fb43b-0bff-4ea8-84bd-99b7fd1f45b6","IPAD NFK200 Defibrillator with Wall Bracket - Semi-Automatic"
"3066148f-d99a-4581-9ba9-cbd20d544092","Vivest PowerBeat X1 Semi-Automatic Defibrillator"
"77e1e2e2-b7fa-4e69-a41c-d0250449ca7c","iPAD SP1 Defibrillator Unit with Carry Case - Semi-Automatic"
"7e26f345-4f3f-4dc8-ad58-8d54811de63b","Mediana HeartOn A15 Defibrillator with Soft Pouch - Semi-Automatic"
"e9cf68e5-9bf8-4e5b-ad1f-a406ec68849c","Mediana HeartOn A16 Defibrillator Unit - Semi-Automatic"
"ca0bd980-cac8-4b93-b15c-24d881e04c17","Physio-Control Lifepak CR2 Defibrillator with WiFi - Semi-Automatic"
"d15ce251-b29d-40d1-b3b0-2732c3f5d3c3","Defibtech Lifeline View Defibrillator - Semi-Automatic"
"a82c977c-1f79-44b7-ba3f-0f7d58f0bcb9","Physio-Control Lifepak CR2 USB Defibrillator - Semi-Automatic"
"a9f4cf09-8b4a-42ef-9cec-164790a9a448","Philips HeartStart FRx AED Defibrillator with Carry Case - Semi-Automatic"
"23e3f52e-6f05-4343-86ae-07eb3c7f5a66","Physio-Control Lifepak CR2 Defibrillator with WiFi & 3G - Semi-Automatic"
"2f67677a-d832-41e5-b320-af79dcec5c56","iPAD SP1 Defibrillator Unit with Carry Case - Fully Automatic"
"92479e73-30a8-4299-aaa3-c29c9195f7e8","IPAD SP1 Defibrillator with Wall Bracket - Fully Automatic"
"a4bbb674-6d1d-42e0-86e0-10e5ede43ada","HeartSine Samaritan PAD 360P Defibrillator Trainer Unit"
"ef6902c0-0f32-4473-a640-2b5b9b09f098","St John Ambulance Burnshield® Dressing 200x200mm"
"818804cb-9192-4127-8445-7784fdcbc489","Physio-Control Lifepak CR2 Defibrillator with WiFi - Fully Automatic"
"c032f80c-0777-48d4-832d-6d771e8adb59","IPAD SP1 Fully Automatic Defibrillator with DefibSafe2 Cabinet"
"338bbf24-2a93-4123-afe6-4097717daa78","Philips HeartStart FR2 Trainer 2 Defibrillator Adult Training Pads"
"f321284f-d8ee-4387-be30-af1663c2b370","HeartSine Samaritan Defibrillator Training Pads (Set of 10)"
"8660f750-b9be-4a1f-b898-2030fc283e1e","HeartSine SAM 360P Fully-Auto Defib with DefibSafe2 Cabinet"
"43bf317f-b2c7-4229-853d-761123b6dd8c","Physio-Control Lifepak CR2 Defibrillator with WiFi & 3G - Fully Automatic"
"1a0d3352-2c0e-44a2-b634-b2d759347a3f","Physio-Control Lifepak CR2 Trainer Unit"
"27589a25-375c-4d80-937f-5d5b58ab6376","Schiller FRED Easy Defibrillator Trainer Unit"
"943857ca-2dae-4315-80e2-a00cd01565c1","Zoll AED Plus Trainer 2"
"75721b29-bfb4-4d69-9ad3-8bccafa44b75","Defibtech Lifeline AED Trainer Unit"
"8e8ae9b4-99ba-4660-b156-40cbb71bf337","HeartSine Samaritan PAD 500P Defibrillator Trainer Unit"
"5f7de7d2-2960-4dbc-ad0c-dd681414326f","HeartSine Samaritan PAD 350P Defibrillator Trainer Unit"
"bde28b89-b8a3-4cc5-9536-51c6c5e0748e","Defibtech Lifeline AED Adult Training Pads"
"f6f796cb-3f87-4f42-a4cd-7049de030a82","Defibtech Lifeline AED Paediatric Training Pads"
"9d14116d-be9f-4e6a-aa8c-8f4bfa891e73","Defibtech Lifeline Replacement Adult Training Pads (5 pairs)"
"66a460d7-9884-49e8-bbaf-70fc4cca0653","HeartSine Trainer-Pak with Rewind Mechanism"
"bf14067f-3bbf-45b7-a69a-67b58e4ed2ad","Philips HeartStart FR2 Trainer 2 Defibrillator Infant / Child Training Pads"
"47340a92-c488-409e-9745-c1f83b32d5ef","Physio-Control Lifepak CR2 Adult & Paediatric Defibrillator Training Pads"
"ad4098ee-b554-428a-be56-cfddebadad60","Zoll AED Plus Battery Pack"
"300286a0-a915-497a-a2f8-ee7bbb3cb31e","Schiller FRED Easy Defibrillator Battery"
"48084e91-d1ac-4c68-81b4-d359642d5527","Vivest X1 & X3 Replacement Battery"
"374f2bbf-a566-49fd-9400-99f37a427772","Mediana HeartOn A15 Defibrillator Battery"
"18544674-81ba-4dd9-bc91-436f6d0ea593","Mediana HeartOn A16 Defibrillator Battery Pack"
"86404b1d-6296-427c-ba71-179c08b26337","Defibtech Lifeline AED & Auto Standard Battery Pack"
"45ff2d24-d8db-4740-9597-85a6e601d550","IPAD NFK200 Replacement Battery"
"cae03425-c650-4ed9-bb83-0adf3c9d6756","iPAD SP1 Defibrillator Battery Pack"
"5e2e24ec-5fc0-4454-b808-910cbefedd8e","Physio Control Lifepak CR2 Defibrillator Battery"
"13e25503-29d5-4411-96d9-4621f06c1f54","Defibtech Lifeline AED & Auto High Capacity Battery Pack"
"62fabf1c-b589-4d79-b247-dfd7f8cfe16e","Cardiac Science Powerheart G3 & G3 Plus Intellisense Non-Rechargeable Lithium Battery"
"5588dabf-c51a-4e42-b1c8-d8d752433545","HeartSine Samaritan Adult Pad-Pak - Cartridge"
"7384c5e2-b1dd-484e-8214-0b41eefbf128","Schiller FRED Easy Adult Defibrillator Pads"
"d19f9886-1d07-452f-becc-d404230b0be5","Schiller FRED Easyport Adult Defibrillator Pads"
"dc6ab40f-6c0c-4543-b466-0b3dbb412695","Schiller FRED Easy Paediatric Defibrillator Pads"
"f0b85da5-f86d-4dc6-aa19-f956fb76c488","Schiller FRED Easyport Paediatric Defibrillator Pads"
"97438372-cdaf-4f84-8d7f-51bb16756296","iPAD SP1 Adult & Paediatric Defibrillator Pads"
"b9dedd49-1457-4ff9-bf6d-e262cb42ca21","Philips HeartStart® HS1 Adult SMART Pads - Cartridge"
"f397a794-1691-4110-a539-f44fc8be96ca","Vivest X1 & X3 Replacement Defibrillator Pads"
"f7d64410-1a38-4b8e-ae7d-d5a454ce8aad","Mediana HeartOn A16 Adult & Paediatric Defibrillator Pads with Quality Function"
"b1921b66-04be-4b81-a930-b225b64213cb","Defibtech Lifeline AED & Auto Defibrillator Wall Cabinet"
"fe79aad5-e12a-46d5-9574-26e4eeee90e7","Mediana HeartOn A15 Defibrillator Wall Cabinet with Alarm"
"0e6a654e-5d94-4ada-86cc-13b33d2daba1","DefibSafe2 Outdoor Defibrillator Cabinet with Code Lock, Heating System and LED Light"
"8e5a12a8-ddcc-4187-831f-55a31c17f94d","Polycarbonate Outdoor Defibrillator Cabinet with Heating System and Interior Light"
"68619033-6091-4179-81a9-5d35f1c3f19b","Mediana HeartOn A15 Defibrillator Outdoor Heated Cabinet with Keypad Lock & Alarm"
"5b4dc61b-4663-4abe-950e-fe1b505cbbd4","Polycarbonate Outdoor Defibrillator Cabinet with Code Lock, Heating System and LED Light"
"a0a67452-2fba-4afe-9628-8d2ae49b22e7","Cardiac Science Powerheart G3 Wall Cabinet"
"5df9d801-1691-494a-9ca9-bf4c71364dba","Physio-Control Lifepak CR2 Carry Case"
"12676955-7b06-4d9b-9224-8361d74a6e17","HeartStart HS1 Defibrillator Slim Carry Case"
"608be8fc-6248-414e-b7c9-2bb415663335","Cardiac Science Powerheart G5 Premium Carry Case"
"e75bdf20-71d1-4cf7-9820-5f30a9c32f02","Defibtech Lifeline View, ECG and Pro Defibrillator Soft Carry Case"
"839517da-9b59-4e66-887b-ddd73e5ed534","Philips HeartStart FRx Defibrillator Carry Case"
"341b8964-3ba4-4824-98a9-411c9b361643","Physio-Control Lifepak 1000 Defibrillator Wall Bracket"
"3973ed71-4650-485a-8750-91e5479cbff7","Mediana HeartOn A15 Defibrillator Wall Bracket"
"d089a0f6-1509-42fe-bbaa-7034924f672f","Cardiac Science Powerheart AED G3 Wall Storage Sleeve"
"5253720a-a11c-4c3d-93b8-5465107a401a","St John Ambulance Home First Aid Kit"
"36c7b581-599b-4dbc-9eb4-71bf809c2d9d","St John Ambulance BS 8599-1 Compliant Workplace First Aid Kits"
"46b497b9-361d-4e28-8a85-93c7db180b39","St John Ambulance BS 8599-1 Compliant Zenith First Aid Kits"
"504134f3-540d-492c-9ee2-0956ed4312bc","St John Ambulance BS 8599-1 Compliant Travel & Motoring First Aid Kit - Zenith Pouch"
"1ec7d6a0-6dcb-46fd-bcf6-0fa99f8d0ebd","Reliance Medical - Aura3 Eye Wash Kit"
"430d8406-42d3-49cd-add9-808d562e4290","St John Ambulance BS 8599-2 Motoring First Aid Kits"
"20e4df5c-9bab-4e94-8445-87f29d68541d","LifeVac Anti-Choking Travel Kit"
"8f4eef1a-b2a6-44d1-aecf-a7f99ae513e9","LifeVac Anti-Choking Home Kit"
"75d6151f-0c7f-4630-950d-7f7f6aef2995","Family Home Safety Starter Kit"
"29518000-3c22-4303-96a5-29db171a42f8","St John Ambulance Burnshield® Dressing - 60x40cm"
"51b0ccb6-491c-4d65-a3bb-2267de920bf1","St John Ambulance Eye Wash Pods / Phials"
"47345ddd-f3f7-4e66-9cd3-ccefaea2251f","St John Ambulance Rescue Mask"
"068b1643-4e78-426b-be46-5d48ea913536","LifeVac Anti-Choking Wall Mounted Kit"
"877fab26-17d0-402a-bf31-8aff68d35821","St John Ambulance Standard Zenith Burn Kit"
"2cb6b45c-3f88-4879-902c-00cfb430f6b0","Burnshield® Hydrogel Burn Treatment - 50ml"
"f4903d08-bd2a-402c-9854-e696958639f0","BS 8599-1 Compliant Glow in the Dark Catering First Aid Kit"
"d201a027-f10c-4782-9adb-6de1dc33d84b","St John Ambulance Body Fluid Disposal Kit for 2 Applications"
"66bcdd0a-7fe1-47ae-8056-411233e37184","Bleed Kit with Tourni-key - St John Ambulance"
"b7f846ef-2cb9-4fe5-aec5-d0d23931b827","RapidStop® Bleed Control Kits"
"3a70e862-27a5-4bba-aa5a-9214d7838678","Bleed Kit with Tourniquets - St John Ambulance"
"e1f24725-200b-4a36-b9fb-3e6388087812","St John Ambulance First Aid Cabinet with Key Lock"
"5e0b6757-284a-4de9-a4e2-86a47746c175","St John Ambulance Zenith Large Pouch (Pouch Only)"
"6424657e-ac0a-4b9a-aede-2711feb424a6","St John Ambulance Zenith Shoulder Grab Bag (Bag Only)"
"95e283fc-3932-4c81-afd6-d6cfb19d0cc5","Geofire Agrippa Deaf Alert Acoustic Pillow Alarm with UltraFire UBS1 Optical Smoke Alarm"
"e68983cd-bd00-464c-aa9f-8cce10501734","Radio-Interlinked Smoke Alarms and Heat Alarm Home Essentials Kit - UltraFire UFUB1RFKIT"
"b6c8e3c4-1b61-4a69-8d43-4910b4b8f5ca","10 Year Longlife Battery Digital Carbon Monoxide Alarm - Kidde 10LLDCO"
"c4e75154-4ce1-45b6-b497-96b18411eb29","10 Year Longlife Battery Radio-Interlinked Smoke Alarms and Heat Alarms - FireAngel Pro Connected Series"
"ad96dded-fe2e-4362-ad57-cfe7b6cacc5e","Mains Radio-Interlink Smoke Alarms & Heat Alarms with Sealed Longlife Back-up Battery - FireAngel Pro Connected Series"
"278e7baf-03ec-4a03-bbed-8d678b49e959","10 Year Longlife Battery Radio-Interlinked Carbon Monoxide Alarm - FireAngel Pro Connected FP1820W2-R"
"3da15a09-b229-4617-b89b-2ee3b846f4a8","Mains Powered Radio-Interlinked Wireless Gateway - FireAngel Pro Connected FP1000W2-R"
"52052bfa-929f-4225-b718-14f436ae42b1","Battery Radio-Interlinked Wireless Control Unit - FireAngel Pro Connected FP1014W2-R"